device,model,size,batch_size,ms / img,std dev,MB VRAM allocated,MB RAM allocated
NVIDIA GeForce RTX 3090,AnyCostGenerator,256,1,12.009,0.706,220,24
NVIDIA GeForce RTX 3090,AnyCostGenerator,256,2,8.291,0.575,318,24
NVIDIA GeForce RTX 3090,AnyCostGenerator,256,4,6.708,0.108,520,24
NVIDIA GeForce RTX 3090,AnyCostGenerator,256,8,6.250,0.080,924,24
NVIDIA GeForce RTX 3090,AnyCostGenerator,256,16,6.123,0.032,1677,24
NVIDIA GeForce RTX 3090,AnyCostGenerator,256,24,6.458,0.046,2458,24
NVIDIA GeForce RTX 3090,AnyCostGenerator,256,32,6.296,0.054,3238,24
NVIDIA GeForce RTX 3090,MobileStyleGenerator,256,1,9.280,1.071,-1,-1
NVIDIA GeForce RTX 3090,MobileStyleGenerator,512,1,13.046,1.205,-1,-1
NVIDIA GeForce RTX 3090,MobileStyleGenerator,1024,1,24.689,0.691,-1,-1
NVIDIA GeForce RTX 3090,MobileStyleGenerator,256,2,4.627,0.523,-1,-1
NVIDIA GeForce RTX 3090,MobileStyleGenerator,512,2,7.180,0.852,-1,-1
NVIDIA GeForce RTX 3090,MobileStyleGenerator,1024,2,16.239,0.564,-1,-1
NVIDIA GeForce RTX 3090,MobileStyleGenerator,256,4,4.221,0.253,-1,-1
NVIDIA GeForce RTX 3090,MobileStyleGenerator,512,4,6.491,0.601,-1,-1
NVIDIA GeForce RTX 3090,MobileStyleGenerator,1024,4,18.409,0.549,-1,-1
NVIDIA GeForce RTX 3090,MobileStyleGenerator,256,8,1.488,0.143,-1,-1
NVIDIA GeForce RTX 3090,MobileStyleGenerator,512,8,3.716,0.125,-1,-1
NVIDIA GeForce RTX 3090,MobileStyleGenerator,1024,8,15.113,0.270,-1,-1
NVIDIA GeForce RTX 3090,MobileStyleGenerator,256,16,1.033,0.047,-1,-1
NVIDIA GeForce RTX 3090,MobileStyleGenerator,512,16,3.804,0.091,-1,-1
NVIDIA GeForce RTX 3090,MobileStyleGenerator,1024,16,13.700,0.263,-1,-1
NVIDIA GeForce RTX 3090,MobileStyleGenerator,256,24,0.900,0.050,-1,-1
NVIDIA GeForce RTX 3090,MobileStyleGenerator,512,24,3.798,0.059,-1,-1
NVIDIA GeForce RTX 3090,MobileStyleGenerator,1024,24,14.539,0.053,-1,-1
NVIDIA GeForce RTX 3090,MobileStyleGenerator,256,32,0.836,0.033,-1,-1
NVIDIA GeForce RTX 3090,MobileStyleGenerator,512,32,3.695,0.031,-1,-1
NVIDIA GeForce RTX 3090,MobileStyleGenerator,1024,32,14.411,0.083,-1,-1
NVIDIA GeForce RTX 3090,Style1Generator,256,1,8.816,0.903,155,24
NVIDIA GeForce RTX 3090,Style1Generator,256,2,4.477,0.453,157,24
NVIDIA GeForce RTX 3090,Style1Generator,256,4,2.585,0.328,173,24
NVIDIA GeForce RTX 3090,Style1Generator,256,8,1.472,0.096,251,24
NVIDIA GeForce RTX 3090,Style1Generator,256,16,1.038,0.038,404,24
NVIDIA GeForce RTX 3090,Style1Generator,256,24,0.921,0.018,556,24
NVIDIA GeForce RTX 3090,Style1Generator,256,32,0.959,0.046,709,24
NVIDIA GeForce RTX 3090,Style2Generator,256,1,11.897,0.275,217,24
NVIDIA GeForce RTX 3090,Style2Generator,256,2,8.333,0.070,317,24
NVIDIA GeForce RTX 3090,Style2Generator,256,4,6.581,0.059,519,24
NVIDIA GeForce RTX 3090,Style2Generator,256,8,6.133,0.041,922,24
NVIDIA GeForce RTX 3090,Style2Generator,256,16,5.940,0.018,1675,24
NVIDIA GeForce RTX 3090,Style2Generator,256,24,6.294,0.012,2455,24
NVIDIA GeForce RTX 3090,Style2Generator,256,32,6.268,0.077,3235,24
NVIDIA GeForce RTX 3090,Style2ADAGenerator,256,1,17.562,1.018,234,29
NVIDIA GeForce RTX 3090,Style2ADAGenerator,256,2,10.809,0.686,350,29
NVIDIA GeForce RTX 3090,Style2ADAGenerator,256,4,7.322,0.222,580,29
NVIDIA GeForce RTX 3090,Style2ADAGenerator,256,8,6.195,0.156,1041,29
NVIDIA GeForce RTX 3090,Style2ADAGenerator,256,16,5.119,0.075,4244,29
NVIDIA GeForce RTX 3090,Style2ADAGenerator,256,24,5.265,0.055,3849,29
NVIDIA GeForce RTX 3090,Style2ADAGenerator,256,32,5.403,1.072,8368,29
NVIDIA GeForce RTX 3090,SWAGenerator,256,1,14.022,1.031,164,29
NVIDIA GeForce RTX 3090,SWAGenerator,256,2,7.431,0.081,214,29
NVIDIA GeForce RTX 3090,SWAGenerator,256,4,5.384,0.336,316,29
NVIDIA GeForce RTX 3090,SWAGenerator,256,8,4.492,0.090,519,29
NVIDIA GeForce RTX 3090,SWAGenerator,256,16,4.198,0.023,898,29
NVIDIA GeForce RTX 3090,SWAGenerator,256,24,4.534,0.015,1291,29
NVIDIA GeForce RTX 3090,SWAGenerator,256,32,4.495,0.047,1684,29
NVIDIA GeForce RTX 3090,StyleMapGenerator,256,1,82.302,0.704,631,29
NVIDIA GeForce RTX 3090,StyleMapGenerator,256,2,50.109,0.332,959,29
NVIDIA GeForce RTX 3090,StyleMapGenerator,256,4,34.395,0.157,1613,29
NVIDIA GeForce RTX 3090,StyleMapGenerator,256,8,26.729,0.099,2918,29
NVIDIA GeForce RTX 3090,StyleMapGenerator,256,16,20.017,0.061,6293,29
NVIDIA GeForce RTX 3090,StyleMapGenerator,256,24,20.265,0.040,8143,29
NVIDIA GeForce RTX 3090,StyleMapGenerator,256,32,18.060,0.068,12277,29
NVIDIA GeForce RTX 3090,AnyCostGenerator,512,1,15.141,0.422,316,29
NVIDIA GeForce RTX 3090,AnyCostGenerator,512,2,11.557,0.263,515,29
NVIDIA GeForce RTX 3090,AnyCostGenerator,512,4,9.902,0.061,910,29
NVIDIA GeForce RTX 3090,AnyCostGenerator,512,8,9.385,0.265,1702,29
NVIDIA GeForce RTX 3090,AnyCostGenerator,512,16,9.521,0.162,3287,29
NVIDIA GeForce RTX 3090,AnyCostGenerator,512,24,9.918,0.043,4871,29
NVIDIA GeForce RTX 3090,AnyCostGenerator,512,32,9.808,0.019,6455,29
NVIDIA GeForce RTX 3090,Style1Generator,512,1,11.840,1.548,210,30
NVIDIA GeForce RTX 3090,Style1Generator,512,2,6.811,0.668,286,29
NVIDIA GeForce RTX 3090,Style1Generator,512,4,4.564,0.245,439,29
NVIDIA GeForce RTX 3090,Style1Generator,512,8,4.011,0.296,744,29
NVIDIA GeForce RTX 3090,Style1Generator,512,16,3.837,0.180,1355,29
NVIDIA GeForce RTX 3090,Style1Generator,512,24,3.696,0.150,1967,29
NVIDIA GeForce RTX 3090,Style1Generator,512,32,3.729,0.066,2577,29
NVIDIA GeForce RTX 3090,Style2Generator,512,1,15.246,0.322,316,29
NVIDIA GeForce RTX 3090,Style2Generator,512,2,11.357,0.057,515,29
NVIDIA GeForce RTX 3090,Style2Generator,512,4,9.768,0.224,910,29
NVIDIA GeForce RTX 3090,Style2Generator,512,8,9.246,0.210,1701,29
NVIDIA GeForce RTX 3090,Style2Generator,512,16,9.450,0.228,3284,29
NVIDIA GeForce RTX 3090,Style2Generator,512,24,9.792,0.232,4865,29
NVIDIA GeForce RTX 3090,Style2Generator,512,32,9.812,0.042,6447,30
NVIDIA GeForce RTX 3090,Style2ADAGenerator,512,1,20.998,0.491,350,29
NVIDIA GeForce RTX 3090,Style2ADAGenerator,512,2,13.852,0.790,579,29
NVIDIA GeForce RTX 3090,Style2ADAGenerator,512,4,10.841,0.217,1039,29
NVIDIA GeForce RTX 3090,Style2ADAGenerator,512,8,9.673,0.148,1958,29
NVIDIA GeForce RTX 3090,Style2ADAGenerator,512,16,8.989,0.200,4281,29
NVIDIA GeForce RTX 3090,Style2ADAGenerator,512,24,9.082,0.252,5635,29
NVIDIA GeForce RTX 3090,Style2ADAGenerator,512,32,8.843,0.159,8442,29
NVIDIA GeForce RTX 3090,SWAGenerator,512,1,16.836,0.375,221,30
NVIDIA GeForce RTX 3090,SWAGenerator,512,2,10.404,0.525,323,30
NVIDIA GeForce RTX 3090,SWAGenerator,512,4,7.877,0.164,530,30
NVIDIA GeForce RTX 3090,SWAGenerator,512,8,6.881,0.070,945,30
NVIDIA GeForce RTX 3090,SWAGenerator,512,16,7.107,0.251,1720,30
NVIDIA GeForce RTX 3090,SWAGenerator,512,24,7.414,0.219,2522,30
NVIDIA GeForce RTX 3090,SWAGenerator,512,32,7.436,0.090,3324,30
NVIDIA GeForce RTX 3090,StyleMapGenerator,512,1,156.392,0.154,971,30
NVIDIA GeForce RTX 3090,StyleMapGenerator,512,2,92.509,0.211,1637,30
NVIDIA GeForce RTX 3090,StyleMapGenerator,512,4,60.587,0.235,2966,30
NVIDIA GeForce RTX 3090,StyleMapGenerator,512,8,45.361,0.402,5622,30
NVIDIA GeForce RTX 3090,StyleMapGenerator,512,16,35.080,0.093,10939,30
NVIDIA GeForce RTX 3090,StyleMapGenerator,512,24,33.872,0.214,16253,30
NVIDIA GeForce RTX 3090,StyleMapGenerator,512,32,-1,-1,17448,30
NVIDIA GeForce RTX 3090,AnyCostGenerator,1024,1,21.972,0.514,535,30
NVIDIA GeForce RTX 3090,AnyCostGenerator,1024,2,18.561,0.153,943,30
NVIDIA GeForce RTX 3090,AnyCostGenerator,1024,4,18.193,0.998,1759,30
NVIDIA GeForce RTX 3090,AnyCostGenerator,1024,8,18.247,0.138,3392,30
NVIDIA GeForce RTX 3090,AnyCostGenerator,1024,16,18.107,0.106,6656,30
NVIDIA GeForce RTX 3090,AnyCostGenerator,1024,24,18.311,0.226,9920,30
NVIDIA GeForce RTX 3090,AnyCostGenerator,1024,32,18.396,0.058,13184,30
NVIDIA GeForce RTX 3090,Style1Generator,1024,1,22.689,1.905,508,30
NVIDIA GeForce RTX 3090,Style1Generator,1024,2,16.264,0.414,814,30
NVIDIA GeForce RTX 3090,Style1Generator,1024,4,15.880,0.857,1421,30
NVIDIA GeForce RTX 3090,Style1Generator,1024,8,15.112,0.225,2644,30
NVIDIA GeForce RTX 3090,Style1Generator,1024,16,14.345,0.300,5087,30
NVIDIA GeForce RTX 3090,Style1Generator,1024,24,14.461,0.128,7530,30
NVIDIA GeForce RTX 3090,Style1Generator,1024,32,14.257,0.081,9973,30
NVIDIA GeForce RTX 3090,Style2Generator,1024,1,22.390,0.647,534,30
NVIDIA GeForce RTX 3090,Style2Generator,1024,2,18.396,0.203,942,30
NVIDIA GeForce RTX 3090,Style2Generator,1024,4,18.490,1.060,1756,30
NVIDIA GeForce RTX 3090,Style2Generator,1024,8,18.234,0.243,3383,30
NVIDIA GeForce RTX 3090,Style2Generator,1024,16,17.988,0.145,6639,30
NVIDIA GeForce RTX 3090,Style2Generator,1024,24,18.340,0.157,9895,30
NVIDIA GeForce RTX 3090,Style2Generator,1024,32,18.245,0.108,13152,30
NVIDIA GeForce RTX 3090,Style2ADAGenerator,1024,1,29.313,0.492,595,30
NVIDIA GeForce RTX 3090,Style2ADAGenerator,1024,2,22.040,0.923,1063,30
NVIDIA GeForce RTX 3090,Style2ADAGenerator,1024,4,20.034,0.712,1998,30
NVIDIA GeForce RTX 3090,Style2ADAGenerator,1024,8,19.241,0.412,3870,30
NVIDIA GeForce RTX 3090,Style2ADAGenerator,1024,16,17.971,0.250,7612,30
NVIDIA GeForce RTX 3090,Style2ADAGenerator,1024,24,18.180,0.119,11355,30
NVIDIA GeForce RTX 3090,Style2ADAGenerator,1024,32,-1,-1,15098,30
NVIDIA GeForce RTX 3090,SWAGenerator,1024,1,22.909,1.415,327,30
NVIDIA GeForce RTX 3090,SWAGenerator,1024,2,16.511,1.037,537,30
NVIDIA GeForce RTX 3090,SWAGenerator,1024,4,14.596,1.043,954,30
NVIDIA GeForce RTX 3090,SWAGenerator,1024,8,14.220,0.195,1791,30
NVIDIA GeForce RTX 3090,SWAGenerator,1024,16,13.956,0.149,3463,30
NVIDIA GeForce RTX 3090,SWAGenerator,1024,24,14.186,0.163,5135,30
NVIDIA GeForce RTX 3090,SWAGenerator,1024,32,14.094,0.179,6807,30
NVIDIA GeForce RTX 3090,StyleMapGenerator,1024,1,303.309,0.288,1652,30
NVIDIA GeForce RTX 3090,StyleMapGenerator,1024,2,175.775,1.281,2997,30
NVIDIA GeForce RTX 3090,StyleMapGenerator,1024,4,113.653,1.102,5688,30
NVIDIA GeForce RTX 3090,StyleMapGenerator,1024,8,82.684,0.263,11069,30
NVIDIA GeForce RTX 3090,StyleMapGenerator,1024,16,-1,-1,17639,30
NVIDIA GeForce RTX 3090,StyleMapGenerator,1024,24,-1,-1,17829,30
NVIDIA GeForce RTX 3090,StyleMapGenerator,1024,32,-1,-1,17829,30
NVIDIA GeForce GTX 1080 Ti,AnyCostGenerator,256,1,17.110,0.465,8603,30
NVIDIA GeForce GTX 1080 Ti,AnyCostGenerator,256,2,15.427,0.408,8603,30
NVIDIA GeForce GTX 1080 Ti,AnyCostGenerator,256,4,14.347,0.204,8603,30
NVIDIA GeForce GTX 1080 Ti,AnyCostGenerator,256,8,14.145,0.292,8603,30
NVIDIA GeForce GTX 1080 Ti,AnyCostGenerator,256,10,13.863,0.119,8603,30
NVIDIA GeForce GTX 1080 Ti,AnyCostGenerator,256,12,13.823,0.106,8603,30
NVIDIA GeForce GTX 1080 Ti,AnyCostGenerator,256,14,13.968,0.119,8603,30
NVIDIA GeForce GTX 1080 Ti,AnyCostGenerator,256,16,13.838,0.108,8603,30
NVIDIA GeForce GTX 1080 Ti,Style1Generator,256,1,8.788,0.692,8603,30
NVIDIA GeForce GTX 1080 Ti,Style1Generator,256,2,4.911,0.559,8603,30
NVIDIA GeForce GTX 1080 Ti,Style1Generator,256,4,3.337,0.291,8603,30
NVIDIA GeForce GTX 1080 Ti,Style1Generator,256,8,2.625,0.044,8603,30
NVIDIA GeForce GTX 1080 Ti,Style1Generator,256,10,2.473,0.027,8603,30
NVIDIA GeForce GTX 1080 Ti,Style1Generator,256,12,2.400,0.036,8603,30
NVIDIA GeForce GTX 1080 Ti,Style1Generator,256,14,2.359,0.034,8603,30
NVIDIA GeForce GTX 1080 Ti,Style1Generator,256,16,2.360,0.062,8603,30
NVIDIA GeForce GTX 1080 Ti,Style2Generator,256,1,17.015,0.217,8603,30
NVIDIA GeForce GTX 1080 Ti,Style2Generator,256,2,15.021,0.133,8603,30
NVIDIA GeForce GTX 1080 Ti,Style2Generator,256,4,14.340,0.142,8603,30
NVIDIA GeForce GTX 1080 Ti,Style2Generator,256,8,14.080,0.166,8603,30
NVIDIA GeForce GTX 1080 Ti,Style2Generator,256,10,13.883,0.058,8603,30
NVIDIA GeForce GTX 1080 Ti,Style2Generator,256,12,13.791,0.060,8603,30
NVIDIA GeForce GTX 1080 Ti,Style2Generator,256,14,13.786,0.090,8603,30
NVIDIA GeForce GTX 1080 Ti,Style2Generator,256,16,13.898,0.139,8603,30
NVIDIA GeForce GTX 1080 Ti,Style2ADAGenerator,256,1,22.350,0.931,8603,30
NVIDIA GeForce GTX 1080 Ti,Style2ADAGenerator,256,2,16.646,0.670,8603,30
NVIDIA GeForce GTX 1080 Ti,Style2ADAGenerator,256,4,14.274,0.394,8603,30
NVIDIA GeForce GTX 1080 Ti,Style2ADAGenerator,256,8,13.759,0.122,8603,30
NVIDIA GeForce GTX 1080 Ti,Style2ADAGenerator,256,10,13.414,0.122,8603,30
NVIDIA GeForce GTX 1080 Ti,Style2ADAGenerator,256,12,12.193,0.206,8603,30
NVIDIA GeForce GTX 1080 Ti,Style2ADAGenerator,256,14,11.902,0.182,8603,30
NVIDIA GeForce GTX 1080 Ti,Style2ADAGenerator,256,16,12.327,0.209,8603,30
NVIDIA GeForce GTX 1080 Ti,SWAGenerator,256,1,16.439,1.025,8603,30
NVIDIA GeForce GTX 1080 Ti,SWAGenerator,256,2,11.800,0.614,8603,30
NVIDIA GeForce GTX 1080 Ti,SWAGenerator,256,4,10.728,0.264,8603,30
NVIDIA GeForce GTX 1080 Ti,SWAGenerator,256,8,10.374,0.203,8603,30
NVIDIA GeForce GTX 1080 Ti,SWAGenerator,256,10,10.264,0.173,8603,30
NVIDIA GeForce GTX 1080 Ti,SWAGenerator,256,12,10.244,0.130,8603,30
NVIDIA GeForce GTX 1080 Ti,SWAGenerator,256,14,10.061,0.061,8603,30
NVIDIA GeForce GTX 1080 Ti,SWAGenerator,256,16,10.083,0.197,8603,30
NVIDIA GeForce GTX 1080 Ti,StyleMapGenerator,256,1,95.096,0.168,8603,30
NVIDIA GeForce GTX 1080 Ti,StyleMapGenerator,256,2,69.529,0.332,8603,30
NVIDIA GeForce GTX 1080 Ti,StyleMapGenerator,256,4,57.097,0.642,8603,30
NVIDIA GeForce GTX 1080 Ti,StyleMapGenerator,256,8,49.878,0.317,8603,30
NVIDIA GeForce GTX 1080 Ti,StyleMapGenerator,256,10,47.081,0.141,8603,30
NVIDIA GeForce GTX 1080 Ti,StyleMapGenerator,256,12,44.410,0.189,8603,30
NVIDIA GeForce GTX 1080 Ti,StyleMapGenerator,256,14,42.503,0.136,8603,30
NVIDIA GeForce GTX 1080 Ti,StyleMapGenerator,256,16,40.933,0.186,8603,30
NVIDIA GeForce GTX 1080 Ti,AnyCostGenerator,512,1,24.910,0.917,8603,30
NVIDIA GeForce GTX 1080 Ti,AnyCostGenerator,512,2,22.882,0.737,9598,30
NVIDIA GeForce GTX 1080 Ti,AnyCostGenerator,512,4,21.476,0.406,9598,30
NVIDIA GeForce GTX 1080 Ti,AnyCostGenerator,512,8,21.076,0.221,9598,30
NVIDIA GeForce GTX 1080 Ti,AnyCostGenerator,512,10,21.142,0.300,9598,30
NVIDIA GeForce GTX 1080 Ti,AnyCostGenerator,512,12,20.851,0.250,9598,30
NVIDIA GeForce GTX 1080 Ti,AnyCostGenerator,512,14,21.021,0.365,9598,30
NVIDIA GeForce GTX 1080 Ti,AnyCostGenerator,512,16,21.074,0.254,9598,30
NVIDIA GeForce GTX 1080 Ti,Style1Generator,512,1,16.961,2.695,9598,30
NVIDIA GeForce GTX 1080 Ti,Style1Generator,512,2,11.640,1.001,9598,30
NVIDIA GeForce GTX 1080 Ti,Style1Generator,512,4,9.561,0.161,9598,30
NVIDIA GeForce GTX 1080 Ti,Style1Generator,512,8,8.743,0.015,9598,30
NVIDIA GeForce GTX 1080 Ti,Style1Generator,512,10,8.833,0.253,9598,30
NVIDIA GeForce GTX 1080 Ti,Style1Generator,512,12,8.620,0.250,9598,30
NVIDIA GeForce GTX 1080 Ti,Style1Generator,512,14,8.699,0.244,9598,30
NVIDIA GeForce GTX 1080 Ti,Style1Generator,512,16,8.676,0.246,9598,30
NVIDIA GeForce GTX 1080 Ti,Style2Generator,512,1,24.655,0.490,9598,30
NVIDIA GeForce GTX 1080 Ti,Style2Generator,512,2,22.179,0.206,9598,30
NVIDIA GeForce GTX 1080 Ti,Style2Generator,512,4,21.189,0.057,9598,30
NVIDIA GeForce GTX 1080 Ti,Style2Generator,512,8,21.151,0.255,9598,30
NVIDIA GeForce GTX 1080 Ti,Style2Generator,512,10,21.111,0.286,9598,30
NVIDIA GeForce GTX 1080 Ti,Style2Generator,512,12,20.956,0.258,9598,30
NVIDIA GeForce GTX 1080 Ti,Style2Generator,512,14,20.980,0.309,9598,30
NVIDIA GeForce GTX 1080 Ti,Style2Generator,512,16,21.189,0.298,9598,30
NVIDIA GeForce GTX 1080 Ti,Style2ADAGenerator,512,1,30.300,1.159,9598,30
NVIDIA GeForce GTX 1080 Ti,Style2ADAGenerator,512,2,25.433,2.193,9598,30
NVIDIA GeForce GTX 1080 Ti,Style2ADAGenerator,512,4,22.021,0.182,9598,30
NVIDIA GeForce GTX 1080 Ti,Style2ADAGenerator,512,8,22.075,0.407,9598,30
NVIDIA GeForce GTX 1080 Ti,Style2ADAGenerator,512,10,21.485,0.294,9598,30
NVIDIA GeForce GTX 1080 Ti,Style2ADAGenerator,512,12,20.300,0.244,9598,30
NVIDIA GeForce GTX 1080 Ti,Style2ADAGenerator,512,14,20.315,0.241,9598,30
NVIDIA GeForce GTX 1080 Ti,Style2ADAGenerator,512,16,20.679,0.232,9598,30
NVIDIA GeForce GTX 1080 Ti,SWAGenerator,512,1,20.318,0.320,9598,30
NVIDIA GeForce GTX 1080 Ti,SWAGenerator,512,2,16.601,0.349,9598,30
NVIDIA GeForce GTX 1080 Ti,SWAGenerator,512,4,15.734,0.665,9598,30
NVIDIA GeForce GTX 1080 Ti,SWAGenerator,512,8,15.407,0.359,9598,30
NVIDIA GeForce GTX 1080 Ti,SWAGenerator,512,10,15.259,0.255,9598,30
NVIDIA GeForce GTX 1080 Ti,SWAGenerator,512,12,14.826,0.248,9598,30
NVIDIA GeForce GTX 1080 Ti,SWAGenerator,512,14,15.020,0.249,9598,30
NVIDIA GeForce GTX 1080 Ti,SWAGenerator,512,16,15.267,0.348,9598,30
NVIDIA GeForce GTX 1080 Ti,StyleMapGenerator,512,1,172.930,0.155,9598,30
NVIDIA GeForce GTX 1080 Ti,StyleMapGenerator,512,2,120.478,0.459,9598,30
NVIDIA GeForce GTX 1080 Ti,StyleMapGenerator,512,4,93.979,0.499,9598,30
NVIDIA GeForce GTX 1080 Ti,StyleMapGenerator,512,8,80.189,0.540,9598,30
NVIDIA GeForce GTX 1080 Ti,StyleMapGenerator,512,10,76.088,0.354,9598,30
NVIDIA GeForce GTX 1080 Ti,StyleMapGenerator,512,12,-1,-1,9598,30
NVIDIA GeForce GTX 1080 Ti,StyleMapGenerator,512,14,-1,-1,9598,30
NVIDIA GeForce GTX 1080 Ti,StyleMapGenerator,512,16,-1,-1,9598,30
NVIDIA GeForce GTX 1080 Ti,AnyCostGenerator,1024,1,39.847,1.356,9604,30
NVIDIA GeForce GTX 1080 Ti,AnyCostGenerator,1024,2,36.751,1.743,9604,30
NVIDIA GeForce GTX 1080 Ti,AnyCostGenerator,1024,4,37.481,0.409,9604,30
NVIDIA GeForce GTX 1080 Ti,AnyCostGenerator,1024,8,37.436,0.232,9604,30
NVIDIA GeForce GTX 1080 Ti,AnyCostGenerator,1024,10,37.207,0.164,9604,30
NVIDIA GeForce GTX 1080 Ti,AnyCostGenerator,1024,12,37.182,0.298,9604,30
NVIDIA GeForce GTX 1080 Ti,AnyCostGenerator,1024,14,36.892,0.175,9604,30
NVIDIA GeForce GTX 1080 Ti,AnyCostGenerator,1024,16,37.043,0.260,9604,30
NVIDIA GeForce GTX 1080 Ti,Style1Generator,1024,1,39.661,1.749,9604,31
NVIDIA GeForce GTX 1080 Ti,Style1Generator,1024,2,35.287,1.523,9604,31
NVIDIA GeForce GTX 1080 Ti,Style1Generator,1024,4,34.341,1.085,9604,31
NVIDIA GeForce GTX 1080 Ti,Style1Generator,1024,8,34.678,0.553,9604,31
NVIDIA GeForce GTX 1080 Ti,Style1Generator,1024,10,34.265,0.225,9604,31
NVIDIA GeForce GTX 1080 Ti,Style1Generator,1024,12,34.029,0.230,9604,31
NVIDIA GeForce GTX 1080 Ti,Style1Generator,1024,14,33.907,0.134,9604,31
NVIDIA GeForce GTX 1080 Ti,Style1Generator,1024,16,33.618,0.167,9604,31
NVIDIA GeForce GTX 1080 Ti,Style2Generator,1024,1,38.830,0.535,9604,30
NVIDIA GeForce GTX 1080 Ti,Style2Generator,1024,2,36.147,0.129,9604,30
NVIDIA GeForce GTX 1080 Ti,Style2Generator,1024,4,37.157,0.998,9604,30
NVIDIA GeForce GTX 1080 Ti,Style2Generator,1024,8,37.158,0.680,9604,30
NVIDIA GeForce GTX 1080 Ti,Style2Generator,1024,10,36.824,0.646,9604,30
NVIDIA GeForce GTX 1080 Ti,Style2Generator,1024,12,37.189,0.465,9604,30
NVIDIA GeForce GTX 1080 Ti,Style2Generator,1024,14,36.843,0.095,9604,30
NVIDIA GeForce GTX 1080 Ti,Style2Generator,1024,16,36.834,0.207,9604,30
NVIDIA GeForce GTX 1080 Ti,Style2ADAGenerator,1024,1,45.525,0.374,9604,30
NVIDIA GeForce GTX 1080 Ti,Style2ADAGenerator,1024,2,40.930,1.567,9604,30
NVIDIA GeForce GTX 1080 Ti,Style2ADAGenerator,1024,4,39.335,1.182,9604,30
NVIDIA GeForce GTX 1080 Ti,Style2ADAGenerator,1024,8,39.963,0.791,9604,30
NVIDIA GeForce GTX 1080 Ti,Style2ADAGenerator,1024,10,39.440,0.716,9604,30
NVIDIA GeForce GTX 1080 Ti,Style2ADAGenerator,1024,12,38.234,0.780,9604,30
NVIDIA GeForce GTX 1080 Ti,Style2ADAGenerator,1024,14,37.854,0.632,9604,30
NVIDIA GeForce GTX 1080 Ti,Style2ADAGenerator,1024,16,38.732,0.694,9604,30
NVIDIA GeForce GTX 1080 Ti,SWAGenerator,1024,1,30.015,0.290,9604,31
NVIDIA GeForce GTX 1080 Ti,SWAGenerator,1024,2,26.396,0.245,9604,30
NVIDIA GeForce GTX 1080 Ti,SWAGenerator,1024,4,26.744,1.253,9604,30
NVIDIA GeForce GTX 1080 Ti,SWAGenerator,1024,8,26.471,0.783,9604,30
NVIDIA GeForce GTX 1080 Ti,SWAGenerator,1024,10,26.259,0.646,9604,30
NVIDIA GeForce GTX 1080 Ti,SWAGenerator,1024,12,26.163,0.662,9604,30
NVIDIA GeForce GTX 1080 Ti,SWAGenerator,1024,14,26.142,0.644,9604,30
NVIDIA GeForce GTX 1080 Ti,SWAGenerator,1024,16,26.253,0.104,9604,30
NVIDIA GeForce GTX 1080 Ti,StyleMapGenerator,1024,1,325.531,0.158,9604,31
NVIDIA GeForce GTX 1080 Ti,StyleMapGenerator,1024,2,217.725,1.344,9604,31
NVIDIA GeForce GTX 1080 Ti,StyleMapGenerator,1024,4,164.623,1.061,9604,31
NVIDIA GeForce GTX 1080 Ti,StyleMapGenerator,1024,8,-1,-1,9604,31
NVIDIA GeForce GTX 1080 Ti,StyleMapGenerator,1024,10,-1,-1,9604,31
NVIDIA GeForce GTX 1080 Ti,StyleMapGenerator,1024,12,-1,-1,9604,31
NVIDIA GeForce GTX 1080 Ti,StyleMapGenerator,1024,14,-1,-1,9604,31
NVIDIA GeForce GTX 1080 Ti,StyleMapGenerator,1024,16,-1,-1,9604,31
NVIDIA GeForce GTX 1080 Ti,MobileStyleGenerator,256,1,16.597,0.789,-1,-1
NVIDIA GeForce GTX 1080 Ti,MobileStyleGenerator,512,1,26.766,4.456,-1,-1
NVIDIA GeForce GTX 1080 Ti,MobileStyleGenerator,1024,1,51.981,2.294,-1,-1
NVIDIA GeForce GTX 1080 Ti,MobileStyleGenerator,256,2,9.222,0.836,-1,-1
NVIDIA GeForce GTX 1080 Ti,MobileStyleGenerator,512,2,16.385,1.459,-1,-1
NVIDIA GeForce GTX 1080 Ti,MobileStyleGenerator,1024,2,41.248,0.705,-1,-1
NVIDIA GeForce GTX 1080 Ti,MobileStyleGenerator,256,4,5.523,0.185,-1,-1
NVIDIA GeForce GTX 1080 Ti,MobileStyleGenerator,512,4,12.916,0.463,-1,-1
NVIDIA GeForce GTX 1080 Ti,MobileStyleGenerator,1024,4,42.980,0.537,-1,-1
NVIDIA GeForce GTX 1080 Ti,MobileStyleGenerator,256,8,3.286,0.121,-1,-1
NVIDIA GeForce GTX 1080 Ti,MobileStyleGenerator,512,8,9.626,0.307,-1,-1
NVIDIA GeForce GTX 1080 Ti,MobileStyleGenerator,1024,8,35.444,0.123,-1,-1
NVIDIA GeForce GTX 1080 Ti,MobileStyleGenerator,256,10,2.861,0.119,-1,-1
NVIDIA GeForce GTX 1080 Ti,MobileStyleGenerator,512,10,8.223,0.262,-1,-1
NVIDIA GeForce GTX 1080 Ti,MobileStyleGenerator,1024,10,30.712,0.120,-1,-1
NVIDIA GeForce GTX 1080 Ti,MobileStyleGenerator,256,12,2.854,0.071,-1,-1
NVIDIA GeForce GTX 1080 Ti,MobileStyleGenerator,512,12,9.644,0.111,-1,-1
NVIDIA GeForce GTX 1080 Ti,MobileStyleGenerator,1024,12,35.708,0.276,-1,-1
NVIDIA GeForce GTX 1080 Ti,MobileStyleGenerator,256,16,2.757,0.026,-1,-1
NVIDIA GeForce GTX 1080 Ti,MobileStyleGenerator,512,16,9.549,0.091,-1,-1
NVIDIA GeForce GTX 1080 Ti,MobileStyleGenerator,1024,16,35.493,0.052,-1,-1